name,category,osm_type,osm_id,latitude,longitude,address,phone,email,website,opening_hours,description,wikipedia,wikidata,osm_url,operator,cuisine,religion,denomination,tourism,amenity,historic,leisure
Ajabu House,ACCOMMODATION,node,3729484833,-0.7140275,36.3293026,,+254 733609862,,http://www.ajabuhouse.com/,,,,,https://www.openstreetmap.org/node/3729484833,,,,,guest_house,,,
Aloepark,ACCOMMODATION,node,6905900390,-0.7293436,36.4418038,"Lake View 1st Drive, Naivasha",,,,,,,,https://www.openstreetmap.org/node/6905900390,,,,,hotel,,,
Alpine,ACCOMMODATION,node,4927702455,-0.3006586,36.07583,,,,,,,,,https://www.openstreetmap.org/node/4927702455,,,,,hotel,,,
Apex Motel,ACCOMMODATION,node,11999529369,-0.7640602,36.433555,,,,,,,,,https://www.openstreetmap.org/node/11999529369,,,,,motel,,,
Aqua Lodge,ACCOMMODATION,node,6057983966,-0.7109786,36.429382,"Moi Avenue, Naivasha",,,,,,,,https://www.openstreetmap.org/node/6057983966,,,,,hotel,,,
Ararat Hotel,ACCOMMODATION,node,9843288389,-0.304773,36.0662665,,,,,,,,,https://www.openstreetmap.org/node/9843288389,,,,,hotel,,,
Arcadia,ACCOMMODATION,node,11255039338,-0.7893226,36.4191085,,,,http://www.sanctuaryfarmkenya.com/index.php/the-acacia-campsite,,,,,https://www.openstreetmap.org/node/11255039338,,,,,camp_site,,,
Astorian Grand Hotel Naivasha,ACCOMMODATION,way,1054189782,-0.7005074,36.4284332,"Nairobi - Nakuru Road, Naivasha",,,,,,,,https://www.openstreetmap.org/way/1054189782,,,,,hotel,,,
Avenue Suites,ACCOMMODATION,way,488459874,-0.2840313,36.0736893,,,,,,,,,https://www.openstreetmap.org/way/488459874,,,,,hotel,,,
BROOKS LODGE GILGIL,ACCOMMODATION,node,6241342251,-0.4876972,36.3674685,"Gilgil-Nyahururu, Gilgil",,,,,,,,https://www.openstreetmap.org/node/6241342251,,,,,motel,,,
Blue Bay,ACCOMMODATION,node,7887411676,-0.2729231,36.100245,"Solai Road, Nakuru",,,,,,,,https://www.openstreetmap.org/node/7887411676,,,,,hotel,,,
Bontana Hotel,ACCOMMODATION,way,254768645,-0.2877359,36.0663605,,,,,,,,,https://www.openstreetmap.org/way/254768645,,,,,hotel,,,
Boys Hostel Block 1,ACCOMMODATION,node,6064441824,-0.1672196,35.964851,,,,,,,,,https://www.openstreetmap.org/node/6064441824,,,,,hostel,,,
Boys Hostel Block 2,ACCOMMODATION,node,6064441825,-0.1667208,35.9645688,,,,,,,,,https://www.openstreetmap.org/node/6064441825,,,,,hostel,,,
Boys Hostel Block 3,ACCOMMODATION,node,6064441826,-0.1664853,35.9639923,,,,,,,,,https://www.openstreetmap.org/node/6064441826,,,,,hostel,,,
Boys Hostel Block 4,ACCOMMODATION,node,6064441827,-0.1659613,35.9642493,,,,,,,,,https://www.openstreetmap.org/node/6064441827,,,,,hostel,,,
Boys Hostel Bogoria,ACCOMMODATION,way,396179830,-0.1665057,35.96398,,,,,,,,,https://www.openstreetmap.org/way/396179830,,,,,hostel,,,
Boys Hostel Elementaita,ACCOMMODATION,way,396179828,-0.1672484,35.9648463,,,,,,,,,https://www.openstreetmap.org/way/396179828,kabarak,,,,hostel,,,
Boys Hostel Turkana,ACCOMMODATION,way,396179827,-0.1657657,35.9640607,,,,,,,,,https://www.openstreetmap.org/way/396179827,,,,,hostel,,,
Bufallo Lodge,ACCOMMODATION,node,6333127367,-0.499914,36.3154187,"Nairobi-Nakuru Road, Gilgil",,,,,,,,https://www.openstreetmap.org/node/6333127367,,,,,hotel,,,
Buraha Zenoni,ACCOMMODATION,node,8954255071,-0.3256257,36.1565848,Barnabas,,,,,,,,https://www.openstreetmap.org/node/8954255071,,,,,hotel,,,
Burch's Resort,ACCOMMODATION,node,6905900385,-0.7634341,36.4334947,"Moi South Lake Road, Naivasha",,,,,,,,https://www.openstreetmap.org/node/6905900385,,,,,hotel,,,
Burudika Home,ACCOMMODATION,node,7146051986,-0.7220368,36.4368225,,,,,,,,,https://www.openstreetmap.org/node/7146051986,,,,,guest_house,,,
Cactus Eco Camp,ACCOMMODATION,node,7023153441,-0.4508438,36.2630086,Nakuru,,,,,,,,https://www.openstreetmap.org/node/7023153441,,,,,hotel,,,
Camelboy Overlanders Camp,ACCOMMODATION,node,12850652972,-0.6106815,36.2728187,"Eburru road, Thome",+254 722 375101,camelboy058@gmail.com,,,"Small cottage for rent, double bed, fireplace in a really nice garden. Extra place for a tent if with more people. Breakfast and diner is possible with local self produced vegetables. Host very nice.",,,https://www.openstreetmap.org/node/12850652972,,,,,guest_house,,,
Camp Carnelley's,ACCOMMODATION,way,332153756,-0.8273933,36.3384109,,,,https://campcarnelleys.com,,,,,https://www.openstreetmap.org/way/332153756,,,,,camp_site,,,
Capital Hill Lodge,ACCOMMODATION,node,6241663963,-0.2674823,36.1997508,"Forest Road, Nakuru",,,,,,,,https://www.openstreetmap.org/node/6241663963,,,,,motel,,,
Caravan Motel,ACCOMMODATION,node,6912769749,-0.4347933,36.2638832,"Nairobi-Nakuru Road, Nakuru",,,,,,,,https://www.openstreetmap.org/node/6912769749,,,,,hotel,,,
Chambai Safari,ACCOMMODATION,node,6905898181,-0.7587501,36.4365268,"South Lake Road, Karagita",,,,,,,,https://www.openstreetmap.org/node/6905898181,,,,,hotel,,,
Chambai Safari,ACCOMMODATION,node,6905898183,-0.7653537,36.4337104,"Moi South Lake Road, Karagita",,,,,,,,https://www.openstreetmap.org/node/6905898183,,,,,hotel,,,
Chester,ACCOMMODATION,way,501044389,-0.2975037,36.0728493,"General Kariba Street, Nakuru",,,,,,,,https://www.openstreetmap.org/way/501044389,,,,,hotel,,,
Chui Lodge,ACCOMMODATION,node,1514579046,-0.8441054,36.2387541,,,,,,,,,https://www.openstreetmap.org/node/1514579046,,,,,hotel,,,
Cool Rivers,ACCOMMODATION,node,2984903310,-0.297913,36.1360053,"Old Nairobi Road, Nakuru",,,,,,,,https://www.openstreetmap.org/node/2984903310,,,,,hotel,,,
Coolmont Guest house,ACCOMMODATION,node,6915619062,-0.3060659,36.1368194,Nakuru,,,,,,,,https://www.openstreetmap.org/node/6915619062,,,,,guest_house,,,
Crater Lake Sanctuary Campsite,ACCOMMODATION,node,4323544312,-0.7834605,36.2573195,,,,,,,,,https://www.openstreetmap.org/node/4323544312,,,,,camp_site,,,
Crater Lake Tented Camp,ACCOMMODATION,node,413571790,-0.7836059,36.2595666,Crater Rim Way,,,,,,,,https://www.openstreetmap.org/node/413571790,,,,,hotel,,,
Crayfish Camp,ACCOMMODATION,node,526772083,-0.8319703,36.3516156,,,,,,,,,https://www.openstreetmap.org/node/526772083,,,,,camp_site,,,
Cycle Pub,ACCOMMODATION,node,14020827995,-0.2851706,36.0737299,,,,,,,,,https://www.openstreetmap.org/node/14020827995,,,,,guest_house,,,
Da Lool Holiday Home,ACCOMMODATION,node,6912769750,-0.433912,36.2583344,Nairobi-Nakuru Road,,,,,,,,https://www.openstreetmap.org/node/6912769750,,,,,hotel,,,
Dea's Gardens,ACCOMMODATION,node,6905898182,-0.7638655,36.4301082,"Mois Lake Road, Karagita",,,,,,,,https://www.openstreetmap.org/node/6905898182,,,,,hotel,,,
Deloraine,ACCOMMODATION,node,2262051760,-0.1848473,35.8066551,,,,,,,,,https://www.openstreetmap.org/node/2262051760,,,,,guest_house,,,
Dodoma guest house,ACCOMMODATION,node,10807895506,-0.5074401,36.3175717,,,,,,,,,https://www.openstreetmap.org/node/10807895506,,,,,hotel,,,
Donnie's,ACCOMMODATION,node,1351892614,-0.2698935,36.0352047,"Nakuru-Sigor Road, Nakuru",,,,,,,,https://www.openstreetmap.org/node/1351892614,,,,,hotel,,,
Dove nest,ACCOMMODATION,node,7184312510,-0.7063102,36.4748398,Naivasha,,,,,,,,https://www.openstreetmap.org/node/7184312510,,,,,hotel,,,
Dreamsworld Guest House,ACCOMMODATION,node,6057983967,-0.710753,36.4292656,"Moi Avenue, Naivasha",,,,,,,,https://www.openstreetmap.org/node/6057983967,,,,,hotel,,,
Duara Flamingo,ACCOMMODATION,node,6912769752,-0.4325303,36.2496222,,,,,,,,,https://www.openstreetmap.org/node/6912769752,,,,,camp_site,,,
EARTH Camp with Wonder G-Spa,ACCOMMODATION,node,8510392182,-0.6046516,36.2570617,,,,http://naivasha-camping.co.ke/,,,,,https://www.openstreetmap.org/node/8510392182,,,,,guest_house,,,
Eagle palace,ACCOMMODATION,node,7187879253,-0.2881092,36.0749652,"Oginga Odinga Avenue, Nakuru",,,,,,,,https://www.openstreetmap.org/node/7187879253,,,,,hotel,,,
Eagle palace,ACCOMMODATION,node,10736327928,-0.2879197,36.0753698,,,,,,,,,https://www.openstreetmap.org/node/10736327928,,,,,hotel,,,
Eagles Point Camp,ACCOMMODATION,node,6912769753,-0.4220292,36.2495402,"Karura, Kenya",+254719295135,eaglescamp@gmail.com,,,,,,https://www.openstreetmap.org/node/6912769753,,,,,hotel,,,
Eburru Forest Main Gate (Camping Possible),ACCOMMODATION,node,14159556881,-0.6463231,36.2527893,,,,,,,,,https://www.openstreetmap.org/node/14159556881,,,,,camp_site,,,
Elementaita StopOver,ACCOMMODATION,node,8954255068,-0.4203184,36.2580128,Nairobi-Nakuru Road,,,,,,,,https://www.openstreetmap.org/node/8954255068,,,,,guest_house,,,
Elsamere Lodge Naivasha,ACCOMMODATION,way,1055404263,-0.8133153,36.3150387,South Lake Road,+254 50 2021055,,http://www.elsamere.com/,,,,,https://www.openstreetmap.org/way/1055404263,,,,,hotel,,,
Endachata Special Campsite,ACCOMMODATION,node,604235545,-0.8734093,36.3400227,,,,,,,,,https://www.openstreetmap.org/node/604235545,,,,,camp_site,,,
Epashikino Resort,ACCOMMODATION,node,6912769748,-0.4450821,36.2727209,"Nairobi-Nakuru Road, Kanyawa",,,,,,,,https://www.openstreetmap.org/node/6912769748,,,,,hotel,,,
Escarpment Motel,ACCOMMODATION,node,7038540985,-0.9793498,36.5809412,,,,,,,,,https://www.openstreetmap.org/node/7038540985,,,,,motel,,,
Eseriani The Hotel,ACCOMMODATION,node,6057393286,-0.7013744,36.4279468,"Nairobi - Nakuru Road, Naivasha",,,,,,,,https://www.openstreetmap.org/node/6057393286,,,,,hotel,,,
Eseriani the Resort,ACCOMMODATION,node,13088862829,-0.7734104,36.4310342,,,,,,,,,https://www.openstreetmap.org/node/13088862829,,,,,hotel,,,
Fina Gardens Resort,ACCOMMODATION,node,5799216853,-0.7582589,36.4403715,"South Lake Road, Karagita",,,,,,,,https://www.openstreetmap.org/node/5799216853,,,,,hotel,,,
Fish Eagle,ACCOMMODATION,node,5591697958,-0.8242855,36.3341785,,,,,,,,,https://www.openstreetmap.org/node/5591697958,Fish Eagle Inn,,,,camp_site,,,
Fish Eagle Cottage,ACCOMMODATION,node,13514183075,-0.7751371,36.4081297,,,,,,,,,https://www.openstreetmap.org/node/13514183075,,,,,chalet,,,
Fisherman's Camp,ACCOMMODATION,node,2555524337,-0.8262624,36.3352285,,,,,,,,,https://www.openstreetmap.org/node/2555524337,,,,,camp_site,,,
Flamingo Community Cottages,ACCOMMODATION,node,4845889051,-0.8139822,36.2603312,"Moi North lake Road, Kongoni",,,,,,,,https://www.openstreetmap.org/node/4845889051,,,,,motel,,,
Flamingo Guest House,ACCOMMODATION,node,6151398350,-0.2854337,36.042059,"Nakuru-Kisumu Road, Nakuru",,,,,,,,https://www.openstreetmap.org/node/6151398350,,,,,hotel,,,
Flamingo Hill Camp,ACCOMMODATION,way,156348671,-0.3151106,36.0724344,,,,https://www.flamingohillcamp.com/,,,,,https://www.openstreetmap.org/way/156348671,,,,,camp_site,,,
GMT Guest House,ACCOMMODATION,node,6905898164,-0.9862221,36.5906734,"Kamandura-Maai Mahiu-Narok Road, Mai Mahiu",,,,,,,,https://www.openstreetmap.org/node/6905898164,,,,,hotel,,,
Gazebo Campsite,ACCOMMODATION,node,4472392473,-0.7737715,36.2667195,"Crater Lake Sanctuary, Naivasha",,,,,,,,https://www.openstreetmap.org/node/4472392473,Crater Lake Sanctuary,,,,camp_site,,,
Genesis Guest House,ACCOMMODATION,node,6058067010,-0.7319389,36.44975,"Kenyatta Avenue, Naivasha",,,,,,,,https://www.openstreetmap.org/node/6058067010,,,,,hotel,,,
Genevieve,ACCOMMODATION,node,6915929169,-0.3008554,36.0720102,"Kanu Street, Nakuru",,,,,,,,https://www.openstreetmap.org/node/6915929169,,,,,hotel,,,
Gilgil,ACCOMMODATION,node,6905949139,-0.5004807,36.3146265,"Nairobi-Nakuru Road, Gilgil",,,,,,,,https://www.openstreetmap.org/node/6905949139,,,,,hotel,,,
Giraffe House,ACCOMMODATION,node,13514201689,-0.7746131,36.4074821,,,,,,,,,https://www.openstreetmap.org/node/13514201689,,,,,chalet,,,
Golden Bay Hotel,ACCOMMODATION,node,6294763785,-0.7116289,36.430755,Naivasha,,,,,,,,https://www.openstreetmap.org/node/6294763785,,,,,hotel,,,
Golden Bay Hotel Naivasha,ACCOMMODATION,node,4500675789,-0.709486,36.4296395,"Moi Avenue, Naivasha",+254722270273,,,24/7,,,,https://www.openstreetmap.org/node/4500675789,,,,,guest_house,,,
Golden Palace,ACCOMMODATION,node,6915929168,-0.3013789,36.0722865,"Kanu Street, Nakuru",,,,,,,,https://www.openstreetmap.org/node/6915929168,,,,,hotel,,,
Graceland Hotel,ACCOMMODATION,node,1106596697,-0.2758798,36.0837364,"Crater Lane, Nakuru",,,,,,,,https://www.openstreetmap.org/node/1106596697,,,,,hotel,,,
Great Rift Valley Golf Resort,ACCOMMODATION,node,371009272,-0.6674026,36.3213369,,,,,,,,,https://www.openstreetmap.org/node/371009272,,,,,hotel,,,
Great Rift Valley Lodge,ACCOMMODATION,way,292817698,-0.6672992,36.3211223,,,,,,,,,https://www.openstreetmap.org/way/292817698,,,,,hotel,,,
Guest House Jane,ACCOMMODATION,node,4549350098,-0.7256288,36.43626,"Moi South Lake Road, Naivasha",+254719477832,,https://facebook.com/guesthouse.jane,,"Actually not a guest house, but huge apartments with big living room and two separate sleeping rooms with two beds each. The complex is very nice and quiet, it also features a restaurant and a swimming pool.",,,https://www.openstreetmap.org/node/4549350098,,,,,hotel,,,
Guest Inn,ACCOMMODATION,node,6058067011,-0.7306107,36.4491704,"Kenyatta Avenue, Naivasha",,,,,,,,https://www.openstreetmap.org/node/6058067011,,,,,hotel,,,
Heaven's Gate Prayer Mountain,ACCOMMODATION,node,7992221225,-0.5266021,36.3318404,"Gilgil Town Road, Gilgil",,,,,,,,https://www.openstreetmap.org/node/7992221225,,,,,hotel,,,
Heliport,ACCOMMODATION,node,9103624610,-0.3037909,36.0687741,,,,,,,,,https://www.openstreetmap.org/node/9103624610,,,,,guest_house,,,
Heritage Resort,ACCOMMODATION,node,6905900401,-0.7329408,36.4536639,"Nairobi - Nakuru Road, Naivasha",,,,,,,,https://www.openstreetmap.org/node/6905900401,,,,,hotel,,,
Heritage Resort Hotel,ACCOMMODATION,way,395551006,-0.698523,36.4275726,"Nairobi - Nakuru Road, Naivasha",,,,,,,,https://www.openstreetmap.org/way/395551006,,,,,hotel,,,
Highland Guestrooms,ACCOMMODATION,node,7023153443,-0.3352554,35.9473863,,,,,,,,,https://www.openstreetmap.org/node/7023153443,,,,,guest_house,,,
Hillcourt Resort & Spa,ACCOMMODATION,way,296572960,-0.2826097,36.1009031,"Old Nairobi Road, Nakuru",,,,,,,,https://www.openstreetmap.org/way/296572960,,,,,hotel,,,
Hippo House,ACCOMMODATION,node,13514110361,-0.7757037,36.4091159,,,,,,,,,https://www.openstreetmap.org/node/13514110361,,,,,chalet,,,
Hotel Bison,ACCOMMODATION,node,6915663485,-0.2897023,36.0769321,"Mburu Gichua Road, Nakuru",,,,,,,,https://www.openstreetmap.org/node/6915663485,,,,,hotel,,,
Hotel Carnation,ACCOMMODATION,node,1843438209,-0.2864145,36.0742217,,,,,,,,,https://www.openstreetmap.org/node/1843438209,,,,,hotel,,,
Hotel Cathay,ACCOMMODATION,way,284666156,-0.2886322,36.0666347,,,,http://hotelcathay.co.ke,,,,,https://www.openstreetmap.org/way/284666156,,,,,hotel,,,
Hotel Eel Lane,ACCOMMODATION,node,4185680080,-0.3042212,35.8133599,,,,,,,,,https://www.openstreetmap.org/node/4185680080,,,,,hotel,,,
Hotel Freci,ACCOMMODATION,node,6241342224,-0.4986702,36.3186518,"Gilgil-Nyahururu Road, Gilgil",+254 725 726266,info@hotelfreci.co.ke,https://www.hotelfreci.co.ke,,,,,https://www.openstreetmap.org/node/6241342224,,,,,hotel,,,
Hotel Horns,ACCOMMODATION,node,6241342214,-0.498032,36.3121622,"Eburru Road, Gilgil",,,,,,,,https://www.openstreetmap.org/node/6241342214,,,,,hotel,,,
Hotel Kunste,ACCOMMODATION,way,189355378,-0.2815401,36.0959905,"Solai Road, Nakuru",,,,,,,,https://www.openstreetmap.org/way/189355378,,,,,hotel,,,
Hygienic Hotel,ACCOMMODATION,node,10786971294,-0.2883555,36.0500274,,,,,,,,,https://www.openstreetmap.org/node/10786971294,,,,,hotel,,,
Hylise,ACCOMMODATION,way,1054189968,-0.6973816,36.4268533,"Nairobi - Nakuru Road, Naivasha",,,,,,,,https://www.openstreetmap.org/way/1054189968,,,,,hotel,,,
Hyrax View Hotel,ACCOMMODATION,node,13895330382,-0.2814099,36.0988105,Nakuru,+254722743588,,,,,,,https://www.openstreetmap.org/node/13895330382,,,,,hotel,,,
Hôtel Silantoi,ACCOMMODATION,node,10780123105,-0.9709595,36.5721766,,,,,,,,,https://www.openstreetmap.org/node/10780123105,,,,,hotel,,,
Imani Guest House & Confrence Centre,ACCOMMODATION,node,6151398356,-0.2932795,36.0498128,Nakuru,,,,,,,,https://www.openstreetmap.org/node/6151398356,,,,,hotel,,,
Inka Homes Naivasha,ACCOMMODATION,node,14082000501,-0.8110445,36.4385619,,,,,,,,,https://www.openstreetmap.org/node/14082000501,,,,,guest_house,,,
Jamka,ACCOMMODATION,way,488366545,-0.3009659,36.0749199,,,,,,,,,https://www.openstreetmap.org/way/488366545,,,,,hotel,,,
Jams,ACCOMMODATION,node,8957386479,-0.2977307,36.0729425,"Moi Street, Nakuru",,,,,,,,https://www.openstreetmap.org/node/8957386479,,,,,hotel,,,
Jams Hotel,ACCOMMODATION,node,9840997518,-0.2977295,36.0728031,,,,,,,,,https://www.openstreetmap.org/node/9840997518,,,,,hotel,,,
Jaza Naivasha Resort,ACCOMMODATION,node,6905900389,-0.7306274,36.4391107,"Mama Ngina Road, Naivasha",,,,,,,,https://www.openstreetmap.org/node/6905900389,,,,,hotel,,,
Jaza Naivasha Resort,ACCOMMODATION,way,477968407,-0.7316031,36.4388816,"Mama Ngina Road, Naivasha",,,,,,,,https://www.openstreetmap.org/way/477968407,,,,,hotel,,,
Jimana,ACCOMMODATION,way,1033100582,-0.6641088,36.3176069,2010,,,,,,,,https://www.openstreetmap.org/way/1033100582,,,,,chalet,,,
Joe's Inn,ACCOMMODATION,node,9097199070,-0.3020054,36.0738991,,,,,,,,,https://www.openstreetmap.org/node/9097199070,,,,,guest_house,,,
Jumuia,ACCOMMODATION,node,9097264195,-0.2995196,36.0782398,,,,,,,,,https://www.openstreetmap.org/node/9097264195,,,,,guest_house,,,
Junction Forest House,ACCOMMODATION,node,6915929175,-0.2734325,36.015083,Nakuru,,,,,,,,https://www.openstreetmap.org/node/6915929175,,,,,guest_house,,,
KAKA GUEST HOUSE,ACCOMMODATION,node,10284496009,-0.28625,36.0746469,Mosque Road,,,,24/7,,,,https://www.openstreetmap.org/node/10284496009,,,,,guest_house,,,
KWS lodge,ACCOMMODATION,node,9909456625,-0.4575003,36.0832292,,,,,,,,,https://www.openstreetmap.org/node/9909456625,,,,,guest_house,,,
Kabarak Guest House,ACCOMMODATION,node,6064437375,-0.17235,35.9689042,,,,,,,,,https://www.openstreetmap.org/node/6064437375,,,,,guest_house,,,
Kamusyi Kings Guest House,ACCOMMODATION,way,1054700323,-0.7100726,36.4295672,"Kariuki Chotora, Naivasha",,,,,,,,https://www.openstreetmap.org/way/1054700323,,,,,chalet,,,
Kembu Campsite,ACCOMMODATION,node,1403875319,-0.3003858,35.9006275,,,,,,,,,https://www.openstreetmap.org/node/1403875319,,,,,camp_site,,,
Ken-Vash Hotel,ACCOMMODATION,node,6057983949,-0.7161182,36.4323856,"Kariuki Chotora, Naivasha",,,,,,,,https://www.openstreetmap.org/node/6057983949,,,,,hotel,,,
Kenlands Relax Inn,ACCOMMODATION,node,6192315399,-0.2985535,36.0617611,"West Road, Nakuru",,,,,,,,https://www.openstreetmap.org/node/6192315399,,,,,hotel,,,
Kiangazi Lodge,ACCOMMODATION,node,2837290095,-0.8311541,36.2747338,South Lake Road,,,,,,,,https://www.openstreetmap.org/node/2837290095,,,,,hotel,,,
Kiboko Luxury Camp,ACCOMMODATION,node,6905900386,-0.7494005,36.4349614,"Moi South Lake Road, Naivasha",,,,,,,,https://www.openstreetmap.org/node/6905900386,,,,,hotel,,,
Kika Lodge,ACCOMMODATION,node,6241342250,-0.4871472,36.3624802,"Gilgil-Nyahururu, Gilgil",,,,,,,,https://www.openstreetmap.org/node/6241342250,,,,,motel,,,
Kikopey Beach Camp,ACCOMMODATION,node,8006995609,-0.459648,36.2631088,,,,,,,,,https://www.openstreetmap.org/node/8006995609,,,,,camp_site,,,
Kisa Adventures,ACCOMMODATION,node,6054980225,-0.7939261,36.52197,Nairobi - Nakuru Road,,,,,,,,https://www.openstreetmap.org/node/6054980225,,,,,camp_site,,,
"Ksh 5,784 Nov 8 – 9 Brownie's Guesthouse",ACCOMMODATION,node,6912769769,-0.336492,36.1724864,"Nairobi-Nakuru Road, Nakuru",,,,,,,,https://www.openstreetmap.org/node/6912769769,,,,,guest_house,,,
Kwa festo,ACCOMMODATION,node,10709727305,-0.1677163,35.9695189,,,,,,,,,https://www.openstreetmap.org/node/10709727305,,,,,hotel,,,
Kwetu Zero Thirty Two,ACCOMMODATION,relation,7340529,-0.3071682,36.0827833,,,,,,,,,https://www.openstreetmap.org/relation/7340529,,,,,hotel,,,
Labelle Lodge,ACCOMMODATION,node,6057983917,-0.7182155,36.4328519,"Moi Avenue, Naivasha",,,,,,,,https://www.openstreetmap.org/node/6057983917,,,,,hotel,,,
Lake Elementaita Lodge Campsite,ACCOMMODATION,node,4321113933,-0.4668771,36.2776826,"Nairobi-Nakuru Road, Gilgil",,,,,,,,https://www.openstreetmap.org/node/4321113933,,,,,camp_site,,,
Lake Elementaita Serena,ACCOMMODATION,way,440765412,-0.4048985,36.24064,,,,,,,,,https://www.openstreetmap.org/way/440765412,,,,,hotel,,,
Lake Naivasha Country Club,ACCOMMODATION,node,526772071,-0.7725432,36.4206983,"Moi South Lake Road, Naivasha",,,,,,,,https://www.openstreetmap.org/node/526772071,,,,,hotel,,,
Lake Naivasha Crescent Camp,ACCOMMODATION,node,5694562021,-0.7648472,36.4267055,"Moi South Lake Road, Naivasha",,,,,,,,https://www.openstreetmap.org/node/5694562021,,,,,hotel,,,
Lake Naivasha Panorama Park,ACCOMMODATION,node,6905900392,-0.7276214,36.4369813,"Moi South Lake Road, Naivasha",,,,,,,,https://www.openstreetmap.org/node/6905900392,,,,,hotel,,,
Lake Naivasha Resort,ACCOMMODATION,way,339141181,-0.7583275,36.4358495,"Moi South Lake Road, Naivasha",,,,,,,,https://www.openstreetmap.org/way/339141181,,,,,hotel,,,
Lake Naivasha Simba Lodge,ACCOMMODATION,node,4261198889,-0.8228059,36.378275,,,,,,,,,https://www.openstreetmap.org/node/4261198889,,,,,guest_house,,,
Lake Naivasha YMCA Camp,ACCOMMODATION,node,4531585290,-0.8335808,36.364386,,,,,,,,,https://www.openstreetmap.org/node/4531585290,,,,,camp_site,,,
Lake Nakuru Lodge,ACCOMMODATION,way,156346011,-0.4230953,36.1301025,"561, Lake Nakuru National Park, Nakuru",,,,,,,,https://www.openstreetmap.org/way/156346011,Lake Nakuru Lodge,,,,hotel,,,
Lake Nakuru Sopa Lodge,ACCOMMODATION,node,4454920291,-0.4272416,36.0530395,,,,https://sopalodges.com/lake-nakuru-sopa-lodge/the-lodge,,,,,https://www.openstreetmap.org/node/4454920291,,,,,hotel,,,
Lakeside Tourist Lodge,ACCOMMODATION,way,1054700409,-0.7104779,36.4291863,"Moi Avenue, Naivasha",,,,,,,,https://www.openstreetmap.org/way/1054700409,,,,,hotel,,,
Lakeview Campsite,ACCOMMODATION,node,4472363885,-0.888654,36.4592846,Mount Longonot National Park,,,,,,,,https://www.openstreetmap.org/node/4472363885,kws.org,,,,camp_site,,,
Lakeview Resort,ACCOMMODATION,node,6905900388,-0.7316398,36.4389228,"Moi South Lake Road, Naivasha",,,,,,,,https://www.openstreetmap.org/node/6905900388,,,,,hotel,,,
Lanet Matfam Resort,ACCOMMODATION,node,6852377985,-0.2972322,36.144062,,,,,,,,,https://www.openstreetmap.org/node/6852377985,,,,,hotel,,,
Lemaiyan Suites,ACCOMMODATION,node,12147607902,-0.6996666,36.4280134,"975, Nairobi - Nakuru Road, Naivasha",+254794000444,info@lemaiyansuites.com,https://lemaiyansuites.com/,24/7,,,,https://www.openstreetmap.org/node/12147607902,,,,,hotel,,,
Lemaiyan Suites,ACCOMMODATION,way,1312407959,-0.6998308,36.4279198,"975, Nairobi - Nakuru Road, Naivasha",+254794000444,info@lemaiyansuites.com,https://lemaiyansuites.com/#/,24/7,,,,https://www.openstreetmap.org/way/1312407959,,,,,hotel,,,
Lemon Valley Farm,ACCOMMODATION,node,14183305320,-0.3767388,36.2506714,,+254 713 129590;+254 725 539186;+254 720 879139; +254 102 167213,"reservations@lemonvalley.co.ke,",https://www.lemonvalley.co.ke/,Mo-Su 08:30-21:00,,,,https://www.openstreetmap.org/node/14183305320,,,,,camp_site,,,
Leopard View,ACCOMMODATION,node,6915929167,-0.3012771,36.0715812,"Kanu Street, Nakuru",,,,,,,,https://www.openstreetmap.org/node/6915929167,,,,,hotel,,,
Lion,ACCOMMODATION,node,9103624585,-0.3051293,36.0656624,,,,,,,,,https://www.openstreetmap.org/node/9103624585,,,,,guest_house,,,
Loldia Eburru Campsite,ACCOMMODATION,node,11487163169,-0.6712826,36.2704753,,,info@loldia-eburru.com,https://www.loldia-eburru.com/,,,,,https://www.openstreetmap.org/node/11487163169,,,,,camp_site,,,
MAWA Guest House,ACCOMMODATION,node,6241342239,-0.5016179,36.3282371,"Gilgil Town Road, Gilgil",,,,,,,,https://www.openstreetmap.org/node/6241342239,,,,,guest_house,,,
Maili Saba,ACCOMMODATION,node,7887411671,-0.2094479,36.115918,Road to Maili Saba,,,,,,,,https://www.openstreetmap.org/node/7887411671,,,,,camp_site,,,
Maili Saba Camp,ACCOMMODATION,node,1628846226,-0.1866844,36.1170631,,,,,,,,,https://www.openstreetmap.org/node/1628846226,,,,,hotel,,,
Makalia Falls Public Campsite,ACCOMMODATION,node,472267375,-0.4909294,36.082297,,,,,,,,,https://www.openstreetmap.org/node/472267375,,,,,camp_site,,,
Malewa Bundu Camp,ACCOMMODATION,node,13860815086,-0.5277718,36.4037514,,,,,,,,,https://www.openstreetmap.org/node/13860815086,,,,,camp_site,,,
Malewa Bush Ventures Campsite,ACCOMMODATION,node,13860853168,-0.5322232,36.4008614,,,,,,,,,https://www.openstreetmap.org/node/13860853168,,,,,camp_site,,,
Malewa Kanini Campsite & Cottage,ACCOMMODATION,node,13860682419,-0.5283746,36.4026947,,,,,,,,,https://www.openstreetmap.org/node/13860682419,,,,,camp_site,,,
Manyatta Hotel,ACCOMMODATION,node,6151466842,-0.2943911,36.0595506,"Lower Bedi Road, Nakuru",,,,,,,,https://www.openstreetmap.org/node/6151466842,,,,,hotel,,,
Maridadi,ACCOMMODATION,node,9119090717,-0.3026228,35.8119692,,,,,,Rooms 700 KSH,,,https://www.openstreetmap.org/node/9119090717,,,,,guest_house,,,
Marua Glade Campsite (Eburru Forest),ACCOMMODATION,node,10753213831,-0.6540726,36.2117583,,,,,,,,,https://www.openstreetmap.org/node/10753213831,,,,,camp_site,,,
Marvin Hotel,ACCOMMODATION,way,495966221,-0.2977387,36.0781145,,,,,,,,,https://www.openstreetmap.org/way/495966221,,,,,hotel,,,
Masada Hotel,ACCOMMODATION,node,4845803546,-0.7538062,36.4376257,"Moi South Lake Road, Naivasha",,,,,,,,https://www.openstreetmap.org/node/4845803546,,,,,hotel,,,
Matfam Resort,ACCOMMODATION,way,1024782867,-0.2956799,36.1437514,"Major Mwangi Road, Nakuru",,,,,,,,https://www.openstreetmap.org/way/1024782867,,,,,hotel,,,
Mau View Hotel,ACCOMMODATION,node,6151497051,-0.2908849,36.0615339,"Lower Bedi Road, Nakuru",,,,,,,,https://www.openstreetmap.org/node/6151497051,,,,,hotel,,,
Mbweha Safari Camp,ACCOMMODATION,node,1451841312,-0.4785274,36.1175089,,,,,,,,,https://www.openstreetmap.org/node/1451841312,,,,,hotel,,,
Merlin Resort,ACCOMMODATION,node,7992221221,-0.7374405,36.4576459,"Nairobi - Nakuru Road, Naivasha",,,,,,,,https://www.openstreetmap.org/node/7992221221,,,,,hotel,,,
Miale The Hotel,ACCOMMODATION,node,5903940477,-0.318643,36.1439341,"001, Nairobi-Nakuru Road, Nakuru",,,,,,,,https://www.openstreetmap.org/node/5903940477,,,,,hotel,,,
Midland Hotel,ACCOMMODATION,way,298834795,-0.283793,36.0708253,,,,,,,,,https://www.openstreetmap.org/way/298834795,,,,,hotel,,,
Milele Resort,ACCOMMODATION,node,6192315398,-0.2788683,36.0755948,"Nakuru-Sigor Road, Nakuru",,,,,,,,https://www.openstreetmap.org/node/6192315398,,,,,hotel,,,
Monkey Bridge Campsite,ACCOMMODATION,node,10753213833,-0.3918623,36.2111252,,,,,,,,,https://www.openstreetmap.org/node/10753213833,,,,,camp_site,,,
Mount Longonot Lodge,ACCOMMODATION,way,355680240,-0.8818201,36.4202729,,,,,,,,,https://www.openstreetmap.org/way/355680240,,,,,hotel,,,
Mt Kenya University Hostels,ACCOMMODATION,node,4808847307,-0.2904534,36.0669281,,,,,,,,,https://www.openstreetmap.org/node/4808847307,,,,,hostel,,,
Murius Guesthouse,ACCOMMODATION,way,488362378,-0.2969321,36.0731891,"General Kariba Street, Nakuru",,,,,,,,https://www.openstreetmap.org/way/488362378,,,,,hotel,,,
NVA - Carnelly's Camp,ACCOMMODATION,node,4419387390,-0.8276218,36.3375767,,,,https://campcarnelleys.com,,,,,https://www.openstreetmap.org/node/4419387390,,,,,camp_site,,,
Naiburta Public Campsite,ACCOMMODATION,node,4349423260,-0.8676935,36.3506514,Hells Gate National Park,,,,,,,,https://www.openstreetmap.org/node/4349423260,,,,,camp_site,,,
NaivFLo,ACCOMMODATION,node,8822221717,-0.7424078,36.450158,,,,,,,,,https://www.openstreetmap.org/node/8822221717,,,,,alpine_hut,,,
Naivasha Kongoni Lodge,ACCOMMODATION,node,4472399985,-0.8140729,36.2580131,"Moi North Lake Road, Naivasha",,,,,,,,https://www.openstreetmap.org/node/4472399985,,,,,hotel,,,
Nakuru Annexe,ACCOMMODATION,node,9100744647,-0.3020614,36.0717901,,,,,,,,,https://www.openstreetmap.org/node/9100744647,,,,,guest_house,,,
Newstead Hotel,ACCOMMODATION,node,4986216421,-0.7530427,36.4705801,Nairobi - Nakuru Road,,,,,,,,https://www.openstreetmap.org/node/4986216421,,,,,hotel,,,
Njoro Golf Club,ACCOMMODATION,node,6355861657,-0.3363511,35.939566,Njoro,,,,,,,,https://www.openstreetmap.org/node/6355861657,,,,,hotel,,,
Nyati Guest House,ACCOMMODATION,node,6293943635,-0.3088133,36.0672217,,,,,,,,,https://www.openstreetmap.org/node/6293943635,,,,,guest_house,,,
Oasis Eco,ACCOMMODATION,node,6912769744,-0.4757441,36.2685367,,,,http://oasisadventures.co.ke/,,,,,https://www.openstreetmap.org/node/6912769744,,,,,hotel,,,
Ol Dubai Public Campsite,ACCOMMODATION,node,413574544,-0.8738389,36.3624228,,,,,,,,,https://www.openstreetmap.org/node/413574544,,,,,camp_site,,,
Ole Ken,ACCOMMODATION,node,9852534017,-0.2888711,36.0633476,,,,,,,,,https://www.openstreetmap.org/node/9852534017,,,,,hostel,,,
Ole Polos Hotel,ACCOMMODATION,node,8974596940,-0.0527751,35.9527736,"Nakuru-Sigor Road, Athinai",,,,,,,,https://www.openstreetmap.org/node/8974596940,,,,,hotel,,,
Ole ken,ACCOMMODATION,node,9852534117,-0.2888628,36.0633554,,,,,,,,,https://www.openstreetmap.org/node/9852534117,,,,,hotel,,,
Olerai House,ACCOMMODATION,node,13149189158,-0.7243401,36.2859012,,+254731596437,,https://www.siroccowild.com/,,,,,https://www.openstreetmap.org/node/13149189158,,,,,hotel,,,
Olive Resort,ACCOMMODATION,node,6059988221,-0.7249577,36.435763,"Moi South Lake Road, Naivasha",,,,,,,,https://www.openstreetmap.org/node/6059988221,,,,,hotel,,,
Oloiden Campsite,ACCOMMODATION,node,4531539892,-0.8126979,36.2659027,,+254 702 993131,,,,,,,https://www.openstreetmap.org/node/4531539892,,,,,camp_site,,,
Oloongonot Public Campsite,ACCOMMODATION,node,1073671471,-0.8921506,36.4719036,Mount Longonot National park,,,,,,,,https://www.openstreetmap.org/node/1073671471,,,,,camp_site,,,
Osotua Campsite,ACCOMMODATION,node,2805719115,-1.0666158,36.5897451,,,,https://www.facebook.com/osotua.campsite,,,,,https://www.openstreetmap.org/node/2805719115,,,,,camp_site,,,
Parkview Palace,ACCOMMODATION,node,9103624595,-0.3046848,36.0686772,,,,,,,,,https://www.openstreetmap.org/node/9103624595,,,,,guest_house,,,
Paul's Campsite Kongoni,ACCOMMODATION,way,1268370471,-0.8147381,36.2551844,,,,,,,,,https://www.openstreetmap.org/way/1268370471,,,,,camp_site,,,
Pelican Lodge Elementaita,ACCOMMODATION,node,6912769746,-0.4496081,36.2624042,Nakuru,,,,,,,,https://www.openstreetmap.org/node/6912769746,,,,,hotel,,,
Peniel Guest House,ACCOMMODATION,node,6192315392,-0.2764903,36.0657147,"Show Ground Road, Nakuru",,,,,,,,https://www.openstreetmap.org/node/6192315392,,,,,hotel,,,
Peppercorn Holiday,ACCOMMODATION,node,7184312509,-0.7116029,36.4731231,Naivasha,,,,,,,,https://www.openstreetmap.org/node/7184312509,,,,,hotel,,,
Petda Guest house,ACCOMMODATION,node,6057983912,-0.7115347,36.4288687,"Moi Avenue, Naivasha",,,,,,,,https://www.openstreetmap.org/node/6057983912,,,,,guest_house,,,
Pivot Hotel And Fitness Centre,ACCOMMODATION,node,4607705395,-0.2944759,36.0600894,"Lower Bedi Road, Nakuru",,,,,,,,https://www.openstreetmap.org/node/4607705395,,,,,hotel,,,
Premier Lodge,ACCOMMODATION,way,502224315,-0.3016705,36.0741676,,,,,,,,,https://www.openstreetmap.org/way/502224315,,,,,motel,,,
Punda Milias Nakuru Camp,ACCOMMODATION,way,320178706,-0.3654819,36.1730943,,,,,,,,,https://www.openstreetmap.org/way/320178706,,,,,camp_site,,,
Ranger's Castle,ACCOMMODATION,node,9100744639,-0.3023294,36.0717669,,,,,,,,,https://www.openstreetmap.org/node/9100744639,,,,,guest_house,,,
Red Rose,ACCOMMODATION,node,6015088887,-0.2848354,36.0735104,,,,,,,,,https://www.openstreetmap.org/node/6015088887,,,,,hotel,,,
Residence Inn,ACCOMMODATION,node,11028470992,-0.7692618,36.4271687,,,,,,,,,https://www.openstreetmap.org/node/11028470992,,,,,hotel,,,
Rift Valley Lodge,ACCOMMODATION,way,339140913,-0.7758775,36.421033,"Moi South Lake Road, Naivasha",,,,,,,,https://www.openstreetmap.org/way/339140913,,,,,hotel,,,
Rocky Resort,ACCOMMODATION,way,492587053,-0.7479427,36.4419698,"Moi South Lake Road, Naivasha",,,,,,,,https://www.openstreetmap.org/way/492587053,,,,,hotel,,,
Rockyard Guest House,ACCOMMODATION,node,9100744633,-0.3016381,36.0732771,,,,,,,,,https://www.openstreetmap.org/node/9100744633,,,,,guest_house,,,
Royal Green Gardens,ACCOMMODATION,node,8963316603,-0.2547301,36.0127343,"Nakuru-Sigor Road, Nakuru",,,,,,,,https://www.openstreetmap.org/node/8963316603,,,,,hotel,,,
Royal Spring,ACCOMMODATION,node,4413153098,-0.3002477,36.07676,,,,,Mo-Su 10:00-22:00,,,,https://www.openstreetmap.org/node/4413153098,,,,,hotel,,,
Royal Spring Suites,ACCOMMODATION,node,9101351113,-0.2999897,36.0769905,,,,,,,,,https://www.openstreetmap.org/node/9101351113,,,,,guest_house,,,
Roza Guest House,ACCOMMODATION,node,6057983958,-0.7145952,36.4315325,"Moi Avenue, Naivasha",,,,,,,,https://www.openstreetmap.org/node/6057983958,,,,,hotel,,,
Rozie Hôtel,ACCOMMODATION,node,10807903505,-0.8299059,36.3394188,,,,,,,,,https://www.openstreetmap.org/node/10807903505,,,,,hotel,,,
Saboti,ACCOMMODATION,node,6905898166,-0.9836101,36.5885216,"Kamandura-Maai Mahiu-Narok Road, Mai Mahiu",,,,,,,,https://www.openstreetmap.org/node/6905898166,,,,,hotel,,,
Safari Bite,ACCOMMODATION,relation,13782237,-0.2883318,36.1131353,"Old Nairobi Road, Nakuru",,,,,,,,https://www.openstreetmap.org/relation/13782237,,,,,hotel,,,
Sarova Lion Hill Game Lodge,ACCOMMODATION,way,1102305304,-0.3462636,36.1217465,,+254 709 111 000,centralreservations@sarovahotels.com,https://www.sarovahotels.com/lionhill-nakuru/,,,,,https://www.openstreetmap.org/way/1102305304,,,,,hotel,,,
Sarova Woodlands Hotel & Spa Nakuru,ACCOMMODATION,relation,13688322,-0.2818257,36.0886424,"Off Nairobi-Nakuru Highway Milimani Area,, Old Nairobi Road, Nakuru",,,,,,,,https://www.openstreetmap.org/relation/13688322,,,,,hotel,,,
Sentrim Elementaita,ACCOMMODATION,node,6912769751,-0.4329809,36.2501314,Elementaita,,,,,,,,https://www.openstreetmap.org/node/6912769751,,,,,hotel,,,
She'gadia,ACCOMMODATION,node,6905900387,-0.7494077,36.4330057,"Moi S Lake Road, Karagita",,,,,,,,https://www.openstreetmap.org/node/6905900387,,,,,camp_site,,,
Shepards Camp,ACCOMMODATION,node,11255773237,-0.88737,36.4746437,,,,,,,,,https://www.openstreetmap.org/node/11255773237,,,,,camp_site,,,
Silver Crane hotel,ACCOMMODATION,node,10709727105,-0.1541862,35.9594967,,,,,Su-Sa 07:00-21:30,,,,https://www.openstreetmap.org/node/10709727105,,,,,hotel,,,
Sirville Lodge,ACCOMMODATION,node,7023153442,-0.4484205,36.2665343,,,,,,,,,https://www.openstreetmap.org/node/7023153442,,,,,hotel,,,
Sirville lake lodge,ACCOMMODATION,node,5759219121,-0.4479488,36.2620335,,,,,,,,,https://www.openstreetmap.org/node/5759219121,,,,,hotel,,,
Sizzling Waters,ACCOMMODATION,way,1027001161,-0.2665335,36.0062708,Nakuru,,,,,,,,https://www.openstreetmap.org/way/1027001161,,,,,hotel,,,
Sleeping Warrior Camp,ACCOMMODATION,node,5187897979,-0.5078786,36.2302325,"Soysambu Conservancy, Soysambu Conservancy",,,,,,,,https://www.openstreetmap.org/node/5187897979,,,,,hotel,,,
Sleeping Warrior Lodge,ACCOMMODATION,node,5187864969,-0.5310079,36.2320978,,,,,,,,,https://www.openstreetmap.org/node/5187864969,,,,,hotel,,,
Sleepway Cottages,ACCOMMODATION,node,4861996821,-0.2995587,36.0689295,"Uhuru Street, Nakuru",,,,,,,Q111125762,https://www.openstreetmap.org/node/4861996821,,,,,hotel,,,
Supa Lodge,ACCOMMODATION,node,6057983922,-0.717493,36.4334922,"Kariuki Chotora, Naivasha",,,,,,,,https://www.openstreetmap.org/node/6057983922,,,,,hotel,,,
Sweet Lake Resort,ACCOMMODATION,way,644299374,-0.7573709,36.4378019,"Moi South Lake Road, Naivasha",,,,,,,,https://www.openstreetmap.org/way/644299374,,,,,hotel,,,
Symphony,ACCOMMODATION,way,1054189839,-0.7029755,36.4270625,"Moi South Lake Road, Naivasha",,,,,,,,https://www.openstreetmap.org/way/1054189839,,,,,hotel,,,
Taphe Guest Resort,ACCOMMODATION,node,6905900391,-0.7283624,36.4382965,"Taphe Guest Resort Road, Naivasha",+254 707 319981,info@tapheguestresort.com,https://www.tapheguestresort.com/,,,,,https://www.openstreetmap.org/node/6905900391,,,,,hotel,,,
The Cliff,ACCOMMODATION,node,6126047940,-0.3682981,36.0553192,,,,,,,,,https://www.openstreetmap.org/node/6126047940,,,,,hotel,,,
The Eros,ACCOMMODATION,node,9101351111,-0.3002917,36.0762944,,,,,,,,,https://www.openstreetmap.org/node/9101351111,,,,,hotel,,,
The Hungry Hippo,ACCOMMODATION,way,830012795,-0.7585486,36.4377882,"Moi South Lake Road, Naivasha",,,,,,,,https://www.openstreetmap.org/way/830012795,,,,,guest_house,restaurant,,
The Nest Boutique,ACCOMMODATION,node,6905898180,-0.7623902,36.4341544,"South Lake Road, Karagita",,,,,,,,https://www.openstreetmap.org/node/6905898180,,,,,hotel,,,
The Stem,ACCOMMODATION,node,6915619054,-0.3160315,36.1420027,"Old Nairobi Road, Nakuru",,,,,,,,https://www.openstreetmap.org/node/6915619054,,,,,hotel,,,
The Use-Less Center,ACCOMMODATION,node,6347038985,-0.7843465,36.4085114,South Lake Road,+254718395325,annemuhabi@gmail.com,,Mo-Su 07:00-07:00,,,,https://www.openstreetmap.org/node/6347038985,,,,,camp_site,,,
Three Ways Restaurant Hotel,ACCOMMODATION,way,1054189838,-0.7028552,36.4276101,"Nairobi - Nakuru Road, Naivasha",,,,,,,,https://www.openstreetmap.org/way/1054189838,,,,,hotel,,,
Top Camp,ACCOMMODATION,node,653500198,-0.8293549,36.3341572,,,,,,,,,https://www.openstreetmap.org/node/653500198,,,,,camp_site,,,
Top cliff lodge,ACCOMMODATION,node,6915619075,-0.2912253,36.1236428,"Old Nairobi Road, Nakuru",,,,,,,,https://www.openstreetmap.org/node/6915619075,,,,,hotel,,,
Travellers Castle,ACCOMMODATION,node,7887411677,-0.2748403,36.100057,"Solai Road, Nakuru",,,,,,,,https://www.openstreetmap.org/node/7887411677,,,,,hotel,,,
Tree House Lodge,ACCOMMODATION,node,13479994179,-0.4764252,36.2664684,,,,,,,,,https://www.openstreetmap.org/node/13479994179,,,,,chalet,,,
Triple Eden Naivasha,ACCOMMODATION,node,6905898174,-0.7706844,36.4515467,"Old Naivasha Road, Karagita",,,,,,,,https://www.openstreetmap.org/node/6905898174,,,,,hotel,,,
Tuliza Cottage- L. Elementaita,ACCOMMODATION,way,1034667616,-0.4580146,36.2653235,Nakuru,,,,,,,,https://www.openstreetmap.org/way/1034667616,,,,,hotel,,,
Twinspot Guest House,ACCOMMODATION,node,7234613285,-0.714537,36.4314976,,,,,,,,,https://www.openstreetmap.org/node/7234613285,,,,,hotel,,,
Vienna Woods Holiday Inn,ACCOMMODATION,node,7887411679,-0.2806577,36.0770692,"Nakuru-Sigor Road, Nakuru",,,,,,,,https://www.openstreetmap.org/node/7887411679,,,,,hotel,,,
Viewers Park Hotel,ACCOMMODATION,way,1054700277,-0.7112435,36.4294546,"Moi Avenue, Naivasha",,,,,,,,https://www.openstreetmap.org/way/1054700277,,,,,hotel,,,
Vineyard Court 2000,ACCOMMODATION,way,1024748597,-0.2668037,36.1051594,"Solai Road, Nakuru",,,,,,,,https://www.openstreetmap.org/way/1024748597,,,,,hotel,,,
Wagon Wheel,ACCOMMODATION,way,1025468419,-0.3200948,36.1477261,"Nairobi-Nakuru Road, Nakuru",,,,,,,,https://www.openstreetmap.org/way/1025468419,,,,,hotel,,,
Wambuku Inn,ACCOMMODATION,node,5374178721,-0.7159704,36.4318006,,,,,,,,,https://www.openstreetmap.org/node/5374178721,,,,,hotel,,,
Waterbuck Hotel,ACCOMMODATION,node,1103141046,-0.2877473,36.0634981,"West Road, Nakuru",,,,,,,,https://www.openstreetmap.org/node/1103141046,,,,,hotel,,,
Wedding Site Campsite,ACCOMMODATION,node,4472383602,-0.7715805,36.2863445,"Crater Lake Sanctuary, Naivasha",,,,,,,,https://www.openstreetmap.org/node/4472383602,Crater Lake Sanctuary,,,,camp_site,,,
Wildlife Club of Kenya Hostel,ACCOMMODATION,node,5377880222,-0.3074,36.10976,,+254 723999263,info@wildlifeclubsofkenya.org,http://www.wildlifeclubsofkenya.org,,,,,https://www.openstreetmap.org/node/5377880222,,,,,hostel,,,
Wildlife Club of Kenya Nakuru Guest House,ACCOMMODATION,relation,6674795,-0.2952433,36.1081308,,,,,,,,,https://www.openstreetmap.org/relation/6674795,Wildlife Club of Kenya Nakuru,,,,guest_house,,,
Wildlife Clubs Of Kenya Guest House Nakuru,ACCOMMODATION,node,5383227522,-0.2951904,36.1080544,Nairobi-Nakuru Road,+254733747004,info@wildlifeclubsofkenya.org,http://www.wildlifeclubsofkenya.org,,,,,https://www.openstreetmap.org/node/5383227522,,,,,guest_house,,,
Witas Lodge,ACCOMMODATION,node,7197020392,-0.3215887,36.147291,,,,,,,,,https://www.openstreetmap.org/node/7197020392,,,,,hotel,,,
Yard Valley Manor,ACCOMMODATION,way,333149316,-0.7645486,36.4351233,"Moi South Lake Road, Naivasha",,,,,,,,https://www.openstreetmap.org/way/333149316,,,,,hotel,,,
Yard Valley Manor,ACCOMMODATION,way,1056954273,-0.7649635,36.4345226,"Moi South Lake Road, Naivasha",,,,,,,,https://www.openstreetmap.org/way/1056954273,,,,,hotel,,,
Yellow green,ACCOMMODATION,node,6905900399,-0.7059436,36.4271281,"Moi South Lake Road, Naivasha",,,,,,,,https://www.openstreetmap.org/node/6905900399,,,,,hotel,,,
Yellow green hotel,ACCOMMODATION,node,4459193174,-0.7540076,36.4387034,"Moi South Lake Road, Naivasha",,,,,,,,https://www.openstreetmap.org/node/4459193174,,,,,hotel,,,
Zeituni,ACCOMMODATION,node,6911874744,-0.4672571,36.2802824,"Nairobi-Nakuru Road, Gilgil",,,,,,,,https://www.openstreetmap.org/node/6911874744,,,,,hotel,,,
Zillian Park Hotel,ACCOMMODATION,node,6192315400,-0.2995633,36.0649014,"Baringo Street, Nakuru",,,,,,,,https://www.openstreetmap.org/node/6192315400,,,,,hotel,,,
Ziwa Bush Lodge,ACCOMMODATION,node,6070052119,-0.3210835,36.0117754,,+254721113322,,https://www.ziwalodge.com/,,lodge and bush camp,,,https://www.openstreetmap.org/node/6070052119,,,,,camp_site,,,
Ziwa Bush Lodge Reception,ACCOMMODATION,way,1025483168,-0.321895,36.0117346,Nakuru,+254702330040,reservations@ziwalodge.com,https://www.ziwalodge.com/,,,,,https://www.openstreetmap.org/way/1025483168,,,,,hotel,,,
annex,ACCOMMODATION,way,184167235,-0.3061044,36.0637181,,,,,,,,,https://www.openstreetmap.org/way/184167235,,,,,hostel,,,
beulah,ACCOMMODATION,node,7184312508,-0.7216339,36.4740709,Naivasha,,,,,,,,https://www.openstreetmap.org/node/7184312508,,,,,hostel,,,
citymax,ACCOMMODATION,node,5815758454,-0.2992955,36.0696297,,0711 853 328,,,,,,,https://www.openstreetmap.org/node/5815758454,,,,,hotel,,,
Aic murnyu,CULTURE_HERITAGE,node,7041958385,-0.2434255,36.1528357,,,,,,,,,https://www.openstreetmap.org/node/7041958385,,,,,,,castle,
Aic murunyu,CULTURE_HERITAGE,node,7041958485,-0.243563,36.1524358,,,,,,,,,https://www.openstreetmap.org/node/7041958485,,,,,,,castle,
Daniel Toroitich,CULTURE_HERITAGE,way,395256253,-0.1668886,35.9663134,,,,,,,,,https://www.openstreetmap.org/way/395256253,,,,,,,monument,
Egerton Castle,CULTURE_HERITAGE,way,103526432,-0.2748693,35.972196,,,,,,,,,https://www.openstreetmap.org/way/103526432,,,,,,,castle,
Hyrax Hill,CULTURE_HERITAGE,node,2388448118,-0.279374,36.1055853,,,,,,,,Q1641561,https://www.openstreetmap.org/node/2388448118,,,,,,,archaeological_site,
KFA Rounda About,CULTURE_HERITAGE,node,2324261242,-0.2862318,36.0632305,,,,,,,,,https://www.openstreetmap.org/node/2324261242,,,,,,,monument,
Old picnic stand,CULTURE_HERITAGE,node,7088101117,-0.8803992,36.2890624,,,,,,,,,https://www.openstreetmap.org/node/7088101117,,,,,,,ruins,
Site I Late Iron age settlement,CULTURE_HERITAGE,node,9909346158,-0.2832352,36.1047528,,,,,,,,,https://www.openstreetmap.org/node/9909346158,,,,,,,archaeological_site,
Afraha Field,NATURE,way,488349501,-0.2953261,36.072478,,,,,,,,,https://www.openstreetmap.org/way/488349501,,,,,,,,park
Crater Lake Conservancy,NATURE,way,1126166468,-0.780499,36.2607237,,,,,,,,,https://www.openstreetmap.org/way/1126166468,,,,,,,,nature_reserve
Crater Lake Game Sanctuary,NATURE,node,413571803,-0.7865961,36.2563028,,,,,,,,,https://www.openstreetmap.org/node/413571803,,,,,,,,nature_reserve
Crescent Island Widlife Sanctuary,NATURE,way,1072030272,-0.7770381,36.4102466,,,info@sanctuaryfarmkenya.com,http://www.sanctuaryfarmkenya.com/index.php/home,,,,,https://www.openstreetmap.org/way/1072030272,,,,,,,,nature_reserve
Eburu Forest Reserve,NATURE,relation,21319123,-0.6569788,36.1927361,,,,,,,,,https://www.openstreetmap.org/relation/21319123,,,,,,,,nature_reserve
Ecoscapes Sanctuary Conservancy,NATURE,way,1334759066,-0.7647502,36.2734952,,,,,,,,,https://www.openstreetmap.org/way/1334759066,,,,,,,,nature_reserve
Eden Garden,NATURE,node,5380412727,-0.4485966,35.9987351,,,,,,,,,https://www.openstreetmap.org/node/5380412727,,,,,,,,garden
Elsamere Nature Reserve,NATURE,way,575071946,-0.814555,36.3162739,,,,,,,,,https://www.openstreetmap.org/way/575071946,,,,,,,,nature_reserve
Green Park Wildlife Estate,NATURE,way,1431995693,-0.6632279,36.3021006,,,,,,,,,https://www.openstreetmap.org/way/1431995693,,,,,,,,nature_reserve
Hell's Gate National Park,NATURE,way,132380405,-0.8809862,36.3226727,,,,,,,en:Hell's Gate National Park,Q1603133,https://www.openstreetmap.org/way/132380405,,,,,,,,nature_reserve
Hippo point Conservancy,NATURE,relation,19609077,-0.8024739,36.2984536,,,,,,,,,https://www.openstreetmap.org/relation/19609077,,,,,,,,nature_reserve
Kagoni Wildlife Valley,NATURE,node,4845889049,-0.8276804,36.2622364,,,,,,,,,https://www.openstreetmap.org/node/4845889049,,,,,,,,nature_reserve
Kariandusi pre-historic site,NATURE,way,295490883,-0.4517425,36.2833001,,,,,,,,Q18392914,https://www.openstreetmap.org/way/295490883,,,,,,,yes,park
Kigio Wildlife Conservancy,NATURE,way,1054057557,-0.5581744,36.3891748,,,,,,,,Q6405950,https://www.openstreetmap.org/way/1054057557,,,,,,,,nature_reserve
L.R. Naivasha/Maraigushu Block 15/97 (Wangurumo),NATURE,node,5037003732,-0.7544435,36.4663255,,,,,,,,,https://www.openstreetmap.org/node/5037003732,,,,,,,,park
Lake Nakuru National Park,NATURE,way,83903601,-0.3925005,36.0932069,,,,,,,de:Lake-Nakuru-Nationalpark,Q313071,https://www.openstreetmap.org/way/83903601,,,,,,,,nature_reserve
Lentolia Conservancy,NATURE,way,1248794112,-0.7644486,36.2826216,,,,,,,,,https://www.openstreetmap.org/way/1248794112,,,,,,,,nature_reserve
Lions Club Gardens (Mololine),NATURE,way,421263694,-0.283936,36.0751929,,,,,,,,,https://www.openstreetmap.org/way/421263694,,,,,,,,park
Loldia Farm Conservancy,NATURE,way,1054152559,-0.6842585,36.300191,,,,,,,,,https://www.openstreetmap.org/way/1054152559,,,,,,,,nature_reserve
Loldia Viewlands Conservancy,NATURE,way,1430579806,-0.6881024,36.2797094,,,,,,,,,https://www.openstreetmap.org/way/1430579806,,,,,,,,nature_reserve
Longonot National Park,NATURE,node,413577298,-0.9099915,36.4565593,,,,,,,,,https://www.openstreetmap.org/node/413577298,,,,,,,,nature_reserve
Longonot National Park Main Gate,NATURE,node,413577188,-0.8890933,36.4744681,,,,,,,,,https://www.openstreetmap.org/node/413577188,,,,,,,,nature_reserve
Malewa Bay Wildlife Estate,NATURE,way,1430521396,-0.6742874,36.3316704,,,,,,,,,https://www.openstreetmap.org/way/1430521396,,,,,,,,nature_reserve
Malu Private Forest Reserve & Ranch,NATURE,way,1432222350,-0.6031759,36.4298585,,,,,,,,,https://www.openstreetmap.org/way/1432222350,,,,,,,,nature_reserve
Marula Estate Conservancy,NATURE,way,1127574558,-0.6154833,36.3604872,,,,,,,,,https://www.openstreetmap.org/way/1127574558,,,,,,,,nature_reserve
Menengai Crater,NATURE,way,503285113,-0.2051708,36.0672889,,,,,,,,,https://www.openstreetmap.org/way/503285113,,,,,,,,
Menengai Park,NATURE,way,1525064740,-0.286157,36.078028,,,,,,,,,https://www.openstreetmap.org/way/1525064740,,,,,,,,park
Mount Longonot National Park,NATURE,way,132315065,-0.9318723,36.4531595,,,,,,,,,https://www.openstreetmap.org/way/132315065,,,,,,,,
Muchina farm,NATURE,node,10012847083,-0.2117095,36.1664263,,,,,,,,,https://www.openstreetmap.org/node/10012847083,,,,,,,,garden
Mundui Conservancy,NATURE,way,1120438187,-0.7996824,36.2649284,,,,,,,,,https://www.openstreetmap.org/way/1120438187,,,,,,,,nature_reserve
Naivasha Wildlife Sanctuary,NATURE,relation,15089814,-0.722612,36.4528318,,,,,,,,,https://www.openstreetmap.org/relation/15089814,,,,,,,,nature_reserve
Nakuru Athletics Club,NATURE,way,488510392,-0.2914561,36.0654885,,,,,,,,,https://www.openstreetmap.org/way/488510392,,,,,,,,park
Nyayo Gardens,NATURE,way,150759351,-0.2859261,36.0688934,,,,,,,,,https://www.openstreetmap.org/way/150759351,,,,,,,,park
Ol Suswa Conservancy (not offcial boundaries),NATURE,way,1429214423,-0.7127684,36.2711077,,,,,,,,,https://www.openstreetmap.org/way/1429214423,,,,,,,,nature_reserve
Oserian Wildlife Sanctuary,NATURE,way,138186629,-0.8599543,36.2351816,,,,,,,,,https://www.openstreetmap.org/way/138186629,,,,,,,,nature_reserve
Oserongoni Wildlife Sanctuary & Oserian Two Lakes Estate,NATURE,way,1054152558,-0.8578557,36.2552159,,,,,,,,,https://www.openstreetmap.org/way/1054152558,,,,,,,,nature_reserve
Sirroco Wildlife Sanctuary,NATURE,way,1430484084,-0.7236383,36.2896159,,,,,,,,,https://www.openstreetmap.org/way/1430484084,,,,,,,,nature_reserve
Solai Sanctuary,NATURE,way,1334855431,-0.0904896,36.1486204,,,,,,,,,https://www.openstreetmap.org/way/1334855431,,,,,,,,nature_reserve
Soysambu Conservancy,NATURE,way,1029859106,-0.4513658,36.1837098,,,,,,,,,https://www.openstreetmap.org/way/1029859106,,,,,,,,nature_reserve
Wileli Conservancy,NATURE,way,1430484085,-0.7537587,36.2748435,,,,,,,,,https://www.openstreetmap.org/way/1430484085,,,,,,,,nature_reserve
rock and flower garden,NATURE,way,613465149,-0.2740463,35.9735317,,,,,,,,,https://www.openstreetmap.org/way/613465149,,,,,,,,park
28,TOURISM,node,8589203217,-0.4474562,36.2025806,,,,,,,,,https://www.openstreetmap.org/node/8589203217,,,,,information,,,
36,TOURISM,node,8589415720,-0.4319775,36.2190914,,,,,,,,,https://www.openstreetmap.org/node/8589415720,,,,,information,,,
67,TOURISM,node,8589320017,-0.4627711,36.2227558,,,,,,,,,https://www.openstreetmap.org/node/8589320017,,,,,information,,,
Baboon Cliff,TOURISM,node,1404778468,-0.3579704,36.0559582,,,,,,,,,https://www.openstreetmap.org/node/1404778468,,,,,picnic_site,,,
Baboon Cliff View Point,TOURISM,node,415895276,-0.3577079,36.0560605,,,,,,,,,https://www.openstreetmap.org/node/415895276,,,,,viewpoint,,,
Birds view stp,TOURISM,node,6505884885,-0.4610476,36.2615486,,,,,,,,,https://www.openstreetmap.org/node/6505884885,,,,,viewpoint,,,
Boat Trips,TOURISM,node,5904148285,-0.7632749,36.4242555,,,,,,,,,https://www.openstreetmap.org/node/5904148285,,,,,attraction,,,
Canyon human made,TOURISM,node,8483709320,-0.7002039,36.4540856,,,,,,,,,https://www.openstreetmap.org/node/8483709320,,,,,viewpoint,,,
Causeway Viewpoint,TOURISM,node,4349444899,-0.4108625,36.1163444,,,,,,,,,https://www.openstreetmap.org/node/4349444899,,,,,viewpoint,,,
Cliff Base picnic site,TOURISM,node,4349394892,-0.8820202,36.3227457,,,,,,,,,https://www.openstreetmap.org/node/4349394892,,,,,picnic_site,,,
Crater lake Viewpoint,TOURISM,node,4472388114,-0.7820695,36.2586534,,,,,,,,,https://www.openstreetmap.org/node/4472388114,,,,,viewpoint,,,
Crescent Island Museum,TOURISM,node,13514403622,-0.7750012,36.4061222,,,,,,,,,https://www.openstreetmap.org/node/13514403622,,,,,museum,,,
Eburu Forest Gate,TOURISM,way,1052728007,-0.6463108,36.2533463,,,,,,,,,https://www.openstreetmap.org/way/1052728007,,,,,information,,,
Elsa Gate,TOURISM,way,248819940,-0.8525493,36.3690285,,,,,,,,,https://www.openstreetmap.org/way/248819940,Kenya Wildlife Service,,,,attraction,,,
Fake entrance. Don’t hire guides and bikes in here,TOURISM,node,13138471817,-0.8381453,36.3622667,,,,,,,,,https://www.openstreetmap.org/node/13138471817,,,,,attraction,,,
Flamingo Viewpoint,TOURISM,node,6364919885,-0.4003271,36.0878197,,,,,,,,,https://www.openstreetmap.org/node/6364919885,,,,,viewpoint,,,
Hell's Kitchen,TOURISM,node,4349422206,-0.8787805,36.2532229,,,,,,,,,https://www.openstreetmap.org/node/4349422206,,,,,picnic_site,,,
Hippo Point Boat Riding,TOURISM,node,4845863657,-0.81547,36.3240386,,,,,,,,,https://www.openstreetmap.org/node/4845863657,,,,,attraction,,,
Hobley's Volcano Viewpoint,TOURISM,node,4349420604,-0.8822133,36.2846798,,,,,,,,,https://www.openstreetmap.org/node/4349420604,,,,,viewpoint,,,
Hyrax Hill Museum,TOURISM,way,376384898,-0.2796002,36.1054642,,,,,,,,Q15036534,https://www.openstreetmap.org/way/376384898,,,,,museum,,,
Information centre,TOURISM,node,2153160673,-0.300927,35.5314904,,,,,,,,,https://www.openstreetmap.org/node/2153160673,,,,,information,,,
Kaparatania View Point,TOURISM,node,413574643,-0.8957045,36.359905,,,,,,,,,https://www.openstreetmap.org/node/413574643,,,,,viewpoint,,,
Kariandusi Museum,TOURISM,way,295491016,-0.4514038,36.2838847,,,,,,,,,https://www.openstreetmap.org/way/295491016,National Museums of Kenya,,,,museum,,,
Lake Elementaita Hot Spring,TOURISM,node,6912769745,-0.4732766,36.2565204,Nakuru,,,,,,,,https://www.openstreetmap.org/node/6912769745,,,,,attraction,,,
Lake Viewpoint,TOURISM,node,5518735167,-0.9039808,36.4614575,,,,,,,,,https://www.openstreetmap.org/node/5518735167,,,,,viewpoint,,,
Lake view point,TOURISM,node,4854331044,-0.8465926,36.3193672,,,,,,,,,https://www.openstreetmap.org/node/4854331044,,,,,viewpoint,,,
Lion HIíll Viewpoint,TOURISM,node,4349443589,-0.3375179,36.1297321,,,,,,,,,https://www.openstreetmap.org/node/4349443589,,,,,viewpoint,,,
Lion Hill Picnic Site,TOURISM,node,5520066333,-0.3375714,36.1296399,,,,,,,,,https://www.openstreetmap.org/node/5520066333,,,,,picnic_site,,,
Maibeni Picnic Site,TOURISM,node,4549349862,-0.8923131,36.3215149,,,,,,,,,https://www.openstreetmap.org/node/4549349862,,,,,picnic_site,,,
Main Gate,TOURISM,node,4349452628,-0.3092385,36.0837857,,,,,,,,,https://www.openstreetmap.org/node/4349452628,,,,,information,,,
Makalia Falls,TOURISM,node,4466970534,-0.4920591,36.0804892,,,,,,,,,https://www.openstreetmap.org/node/4466970534,,,,,attraction,,,
Makalia Falls viewpoint,TOURISM,node,472267376,-0.4918388,36.0809116,,,,,,,,,https://www.openstreetmap.org/node/472267376,,,,,viewpoint,,,
Narasha Gate,TOURISM,node,604235544,-0.9048148,36.2731005,,,,,,,,,https://www.openstreetmap.org/node/604235544,,,,,attraction,,,
Nderit Gate Lake Nakuru National Park,TOURISM,node,5380214721,-0.4217275,36.1376352,,,,,,,,,https://www.openstreetmap.org/node/5380214721,,,,,attraction,,,
Nice tree,TOURISM,node,6511299885,-0.7850444,36.4262257,,,,,,,,,https://www.openstreetmap.org/node/6511299885,,,,,attraction,,,
Olkaria Gate,TOURISM,node,604235543,-0.8570322,36.2923067,,,,,,,,,https://www.openstreetmap.org/node/604235543,,,,,attraction,,,
Out of Africa Picnic Site,TOURISM,node,2696157660,-0.4044723,36.0577615,,,,,,,,,https://www.openstreetmap.org/node/2696157660,,,,,picnic_site,,,
Picinic site at end of Buffalo Circuit,TOURISM,node,4349398080,-0.889154,36.3254494,,,,,,,,,https://www.openstreetmap.org/node/4349398080,,,,,picnic_site,,,
Ranger's post,TOURISM,node,6140735883,-0.8914402,36.3217053,,,,,,,,,https://www.openstreetmap.org/node/6140735883,,,,,picnic_site,,,
Soysambu Information Centre,TOURISM,way,1036248218,-0.4700511,36.1948859,,,,,,,,,https://www.openstreetmap.org/way/1036248218,,,,,information,,,
Upper Lake view stp,TOURISM,node,6505885085,-0.4619735,36.2670845,,,,,,,,,https://www.openstreetmap.org/node/6505885085,,,,,viewpoint,,,
View on lake,TOURISM,node,4537892992,-0.3978796,36.2680197,,,,,,,,,https://www.openstreetmap.org/node/4537892992,,,,,viewpoint,,,
Viewpoint,TOURISM,node,14159558809,-0.6498853,36.2069678,,,,,,,,,https://www.openstreetmap.org/node/14159558809,,,,,viewpoint,,,
Zebra and giraffe free safari,TOURISM,node,8483709321,-0.7360086,36.4345785,,,,,,,,,https://www.openstreetmap.org/node/8483709321,,,,,viewpoint,,,
fumarole,TOURISM,node,4349421106,-0.8766349,36.2872225,,,,,,,,,https://www.openstreetmap.org/node/4349421106,,,,,viewpoint,,,
fumarole,TOURISM,node,4349421130,-0.8777399,36.2867505,,,,,,,,,https://www.openstreetmap.org/node/4349421130,,,,,viewpoint,,,
fumarole,TOURISM,node,4349422189,-0.8791237,36.2865037,,,,,,,,,https://www.openstreetmap.org/node/4349422189,,,,,viewpoint,,,
